ISRO Sl No,Mission,Launch Date,Launcher Type,Payload,Remarks,Launch Year,Recorded Status
106,GSLV-F17/EOS-05 Mission,2026-09-04,GSLV,EOS-05,—,2026,No failure remark in ISRO launch table
105,PSLV-C62 / EOS-N1 Mission,2026-01-12,PSLV,EOS-N1,—,2026,No failure remark in ISRO launch table
104,LVM3-M6 Blue Bird Block2 Mission,2025-12-24,LVM3,Blue Bird Block 2,—,2025,No failure remark in ISRO launch table
103,LVM3-M5/CMS-03 Mission,2025-11-02,LVM3,CMS-03,—,2025,No failure remark in ISRO launch table
102,GSLV-F16/NISAR Mission,2025-07-30,GSLV,NISAR,—,2025,No failure remark in ISRO launch table
101,PSLV-C61/EOS-09 Mission,2025-05-18,PSLV,Not specified,Not accomplished,2025,Not accomplished
100,GSLV-F15/NVS-02 MISSION,2025-01-29,GSLV,NVS-02,—,2025,No failure remark in ISRO launch table
99,PSLV-C60/SPADEX Mission,2024-12-30,PSLV,"SPADEX-A, SPADEX-B, POEM-4",—,2024,No failure remark in ISRO launch table
98,PSLV-C59/Proba-3 Mission,2024-12-05,PSLV,Proba-3,—,2024,No failure remark in ISRO launch table
97,SSLV-D3/EOS-08 Mission,2024-08-16,SSLV,EOS-08,—,2024,No failure remark in ISRO launch table
96,GSLV-F14/INSAT-3DS Mission,2024-02-17,GSLV,INSAT-3DS,—,2024,No failure remark in ISRO launch table
95,PSLV-C58/XPoSat Mission,2024-01-01,PSLV-DL,XPoSat,—,2024,No failure remark in ISRO launch table
94,PSLV-C57/Aditya-L1 Mission,2023-09-02,PSLV-XL,Aditya-L1 payloads,—,2023,No failure remark in ISRO launch table
93,PSLV-C56/DS-SAR Mission,2023-07-30,PSLV-CA,DS-SAR,—,2023,No failure remark in ISRO launch table
92,LVM3 M4 / Chandrayaan-3 Mission,2023-07-14,LVM3,Chandrayaan-3,—,2023,No failure remark in ISRO launch table
91,GSLV-F12/NVS-01 Mission,2023-05-29,GSLV,NVS-01,—,2023,No failure remark in ISRO launch table
90,PSLV-C55/TeLEOS-2 Mission,2023-04-22,PSLV-CA,TeLEOS-2,—,2023,No failure remark in ISRO launch table
89,LVM3 M3 / OneWeb India-2 Mission,2023-03-26,LVM3,OneWeb Gen-1,—,2023,No failure remark in ISRO launch table
88,SSLV-D2/EOS-07 Mission,2023-02-10,SSLV,EOS_07,—,2023,No failure remark in ISRO launch table
87,PSLV-C54/EOS-06 Mission,2022-11-26,PSLV-XL,EOS_06,—,2022,No failure remark in ISRO launch table
86,LVM3 M2 / OneWeb India-1 Mission,2022-10-23,LVM3,OneWeb Gen-1,—,2022,No failure remark in ISRO launch table
85,SSLV-D1/EOS-D2 Mission,2022-08-07,SSLV,EOS-D2,—,2022,No failure remark in ISRO launch table
84,PSLV-C53/DS-EO Mission,2022-06-30,PSLV,DS-EO,—,2022,No failure remark in ISRO launch table
83,PSLV-C52/EOS-04 Mission,2022-02-14,PSLV-XL,EOS-04,—,2022,No failure remark in ISRO launch table
82,GSLV-F10 / EOS-03,2021-08-12,GSLV,EOS-03,Mission unsuccessful,2021,Unsuccessful
81,PSLV-C51/Amazonia-1,2021-02-28,PSLV-DL,Amazonia-1,—,2021,No failure remark in ISRO launch table
80,PSLV-C50/CMS-01,2020-12-17,PSLV-XL,CMS-01,—,2020,No failure remark in ISRO launch table
79,PSLV-C49/EOS-01,2020-11-07,PSLV-DL,EOS-01,—,2020,No failure remark in ISRO launch table
78,PSLV-C48/RISAT-2BR1,2019-12-11,PSLV-QL,RISAT-2BR1,—,2019,No failure remark in ISRO launch table
77,PSLV-C47 / Cartosat-3 Mission,2019-11-27,PSLV-XL,Cartosat-3,—,2019,No failure remark in ISRO launch table
76,GSLV-Mk III - M1 / Chandrayaan-2 Mission,2019-07-22,GSLV-MK-III,Chandrayaan2,—,2019,No failure remark in ISRO launch table
75,PSLV-C46 Mission /RISAT-2B,2019-05-22,PSLV-CA,RISAT-2B,—,2019,No failure remark in ISRO launch table
74,PSLV-C45/EMISAT MISSION,2019-04-01,PSLV-QL,EMISAT,—,2019,No failure remark in ISRO launch table
73,PSLV-C44 /Microsat-R,2019-01-24,PSLV-DL,Microsat-R,—,2019,No failure remark in ISRO launch table
72,GSLV-F11 / GSAT-7A Mission,2018-12-19,GSLV,GSAT-7A,—,2018,No failure remark in ISRO launch table
71,PSLV-C43 / HysIS Mission,2018-11-29,PSLV,HysIS,—,2018,No failure remark in ISRO launch table
70,GSLV Mk III-D2 / GSAT-29 Mission,2018-11-14,GSLV-MK-III,GSAT-29,—,2018,No failure remark in ISRO launch table
69,PSLV-C42 Mission /NOVASAR,2018-09-16,PSLV,NOVASAR,—,2018,No failure remark in ISRO launch table
68,PAT:CREW ESCAPE SYSTEM,2018-07-05,Not specified,Not specified,—,2018,No failure remark in ISRO launch table
67,PSLV-C41/IRNSS-1I,2018-04-12,PSLV-XL,IRNSS-1I,—,2018,No failure remark in ISRO launch table
66,GSLV-F08/GSAT-6A Mission,2018-03-29,GSLV,GSAT-6A,—,2018,No failure remark in ISRO launch table
65,PSLV-C40/Cartosat-2 Series Satellite Mission,2018-01-12,PSLV-XL,Cartosat-2 Series Satellite,—,2018,No failure remark in ISRO launch table
64,PSLV-C39/IRNSS-1H Mission,2017-08-31,PSLV-XL,IRNSS-1H,Mission Unsuccessful,2017,Unsuccessful
63,PSLV-C38 / Cartosat-2 Series Satellite,2017-06-23,PSLV-XL,Cartosat-2 Series Satellite,—,2017,No failure remark in ISRO launch table
62,GSLV Mk III-D1/GSAT-19 Mission,2017-06-05,GSLV-MK-III,GSAT-19,—,2017,No failure remark in ISRO launch table
61,GSLV-F09 / GSAT-9,2017-05-05,GSLV,GSAT-9,—,2017,No failure remark in ISRO launch table
60,PSLV-C37 / Cartosat -2 Series Satellite,2017-02-15,PSLV-XL,Cartosat -2 Series Satellite,—,2017,No failure remark in ISRO launch table
59,PSLV-C36 / RESOURCESAT-2A,2016-12-07,PSLV-XL,RESOURCESAT-2A,—,2016,No failure remark in ISRO launch table
58,PSLV-C35 / SCATSAT-1,2016-09-26,PSLV,SCATSAT-1,—,2016,No failure remark in ISRO launch table
57,GSLV-F05 / INSAT-3DR,2016-09-08,GSLV-MK-II,INSAT-3DR,—,2016,No failure remark in ISRO launch table
56,Scramjet Engine - TD,2016-08-28,Not specified,Not specified,—,2016,No failure remark in ISRO launch table
55,PSLV-C34 / CARTOSAT-2 Series Satellite,2016-06-22,PSLV-XL,CARTOSAT-2 Series Satellite,—,2016,No failure remark in ISRO launch table
54,RLV-TD HEX,2016-05-23,Not specified,Not specified,—,2016,No failure remark in ISRO launch table
53,PSLV-C33/IRNSS-1G,2016-04-28,PSLV-XL,IRNSS-1G,—,2016,No failure remark in ISRO launch table
52,PSLV-C32/IRNSS-1F,2016-03-10,PSLV-XL,IRNSS-1F,—,2016,No failure remark in ISRO launch table
51,PSLV-C31/IRNSS-1E,2016-01-20,PSLV-XL,IRNSS-1E,—,2016,No failure remark in ISRO launch table
50,PSLV-C29 / TeLEOS-1 Mission,2015-12-16,PSLV-CA,TeLEOS,—,2015,No failure remark in ISRO launch table
49,PSLV-C30/AstroSat MISSION,2015-09-28,PSLV-XL,Astrosat,—,2015,No failure remark in ISRO launch table
48,GSLV-D6 / GSAT-6,2015-08-27,GSLV-MK-II,GSAT-6,—,2015,No failure remark in ISRO launch table
47,PSLV-C28 / DMC3 Mission,2015-07-10,PSLV-XL,DMC3,—,2015,No failure remark in ISRO launch table
46,PSLV-C27/IRNSS-1D,2015-03-28,PSLV-XL,IRNSS-1D,—,2015,No failure remark in ISRO launch table
45,LVM-3/CARE Mission,2014-12-18,GSLV-MK-III,Crew module Atmospheric Re-entry Experiment (CARE),—,2014,No failure remark in ISRO launch table
44,PSLV-C26/IRNSS-1C,2014-10-16,PSLV-XL,IRNSS-1C,—,2014,No failure remark in ISRO launch table
43,PSLV-C23 /SPOT-7,2014-06-30,PSLV-CA,SPOT-7,—,2014,No failure remark in ISRO launch table
42,PSLV-C24/IRNSS-1B,2014-04-04,PSLV-XL,IRNSS-1B,—,2014,No failure remark in ISRO launch table
41,GSLV-D5/GSAT-14,2014-01-05,GSLV-MK-II,GSAT-14,—,2014,No failure remark in ISRO launch table
40,PSLV-C25 /Mars Orbiter Mission,2013-11-05,PSLV-XL,Mars Orbiter Mission Spacecraft,—,2013,No failure remark in ISRO launch table
39,PSLV-C22/IRNSS-1A,2013-07-01,PSLV-XL,IRNSS-1A,—,2013,No failure remark in ISRO launch table
38,PSLV-C20/SARAL,2013-02-25,PSLV-CA,SARAL,—,2013,No failure remark in ISRO launch table
37,PSLV-C21 /SPOT-6,2012-09-09,PSLV-CA,SPOT-6,—,2012,No failure remark in ISRO launch table
36,PSLV-C19/RISAT-1,2012-04-26,PSLV-XL,RISAT-1,—,2012,No failure remark in ISRO launch table
35,PSLV-C18/Megha-Tropiques,2011-10-12,PSLV-CA,Megha-Tropiques,—,2011,No failure remark in ISRO launch table
34,PSLV-C17/GSAT-12,2011-07-15,PSLV-XL,GSAT-12,—,2011,No failure remark in ISRO launch table
33,PSLV-C16/RESOURCESAT-2,2011-04-20,PSLV-G,RESOURCESAT-2; YOUTHSAT,—,2011,No failure remark in ISRO launch table
32,GSLV-F06 / GSAT-5P,2010-12-25,GSLV-MK-II,GSAT-5P,Mission Unsuccessful,2010,Unsuccessful
31,PSLV-C15/CARTOSAT-2B,2010-07-12,PSLV-CA,CARTOSAT-2B,—,2010,No failure remark in ISRO launch table
30,GSLV-D3 / GSAT-4,2010-04-15,GSLV-MK-II,GSAT-4,Mission Unsuccessful,2010,Unsuccessful
29,PSLV-C14 / OCEANSAT-2,2009-09-23,PSLV-CA,Oceansat-2,—,2009,No failure remark in ISRO launch table
28,PSLV-C12 / RISAT-2,2009-04-20,PSLV-CA,RISAT-2,—,2009,No failure remark in ISRO launch table
27,PSLV-C11 /Chandrayaan-1,2008-10-22,PSLV-XL,Chandrayaan-1,—,2008,No failure remark in ISRO launch table
26,PSLV-C9 / CARTOSAT – 2A,2008-04-28,PSLV-CA,CARTOSAT – 2A; IMS-1,—,2008,No failure remark in ISRO launch table
25,PSLV-C10 /TECSAR,2008-01-21,PSLV-CA,TECSAR,—,2008,No failure remark in ISRO launch table
24,GSLV-F04 / INSAT-4CR,2007-09-02,GSLV-MK-II,INSAT-4CR,—,2007,No failure remark in ISRO launch table
23,PSLV-C8 /AGILE,2007-04-23,PSLV-CA,AGILE,—,2007,No failure remark in ISRO launch table
22,PSLV-C7 / CARTOSAT-2 / SRE-1,2007-01-10,PSLV-G,CARTOSAT-2; SRE-1,—,2007,No failure remark in ISRO launch table
21,GSLV-F02 / INSAT-4C,2006-07-10,GSLV-MK-II,INSAT-4C,Mission Unsuccessful,2006,Unsuccessful
20,PSLV-C6/CARTOSAT-1/HAMSAT,2005-05-05,PSLV-G,CARTOSAT-1; HAMSAT,—,2005,No failure remark in ISRO launch table
19,GSLV-F01 / EDUSAT(GSAT-3),2004-09-20,GSLV-MK-II,EDUSAT,—,2004,No failure remark in ISRO launch table
18,PSLV-C5 /RESOURCESAT-1,2003-10-17,PSLV-G,IRS-P6 / RESOURCESAT-1,—,2003,No failure remark in ISRO launch table
17,GSLV-D2 / GSAT-2,2003-05-08,GSLV-MK-II,GSAT-2,—,2003,No failure remark in ISRO launch table
16,PSLV-C4 /KALPANA-1,2002-09-12,PSLV-G,KALPANA-1,—,2002,No failure remark in ISRO launch table
15,PSLV-C3 / TES,2001-10-22,PSLV-G,The Technology Experiment Satellite (TES),—,2001,No failure remark in ISRO launch table
14,GSLV-D1 / GSAT-1,2001-04-18,GSLV-MK-II,GSAT-1,—,2001,No failure remark in ISRO launch table
13,PSLV-C2/IRS-P4,1999-05-26,PSLV-G,Oceansat(IRS-P4),—,1999,No failure remark in ISRO launch table
12,PSLV-C1 / IRS-1D,1997-09-29,PSLV-G,IRS-1D,—,1997,No failure remark in ISRO launch table
11,PSLV-D3 / IRS-P3,1996-03-21,PSLV-G,IRS-P3,—,1996,No failure remark in ISRO launch table
10,PSLV-D2 /IRS P2,1994-10-15,PSLV-G,IRS-P2,—,1994,No failure remark in ISRO launch table
9,ASLV-D4 /SROSS C2,1994-05-05,Not specified,SROSS-C2,—,1994,No failure remark in ISRO launch table
8,PSLV-D1 /IRS 1E,1993-09-20,PSLV-G,IRS 1E,Mission Unsuccessful,1993,Unsuccessful
7,ASLV-D3 /SROSS C,1992-05-20,Not specified,SROSS-C,—,1992,No failure remark in ISRO launch table
6,ASLV-D2 /SROSS-2,1988-07-13,Not specified,SROSS-2,Mission Unsuccessful,1988,Unsuccessful
5,ASLV-D1 /SROSS-1,1987-03-24,Not specified,SROSS-1,Mission Unsuccessful,1987,Unsuccessful
4,SLV-3 D2/ RS-D2,1983-04-17,Not specified,Rohini Satellite RS-D2,—,1983,No failure remark in ISRO launch table
3,SLV-3 D1/ RS-D1,1981-05-31,Not specified,Rohini Satellite RS-D1,—,1981,No failure remark in ISRO launch table
2,SLV-3 E2/ RS-1,1980-07-18,Not specified,Rohini Satellite RS-1,—,1980,No failure remark in ISRO launch table
1,SLV-3 E1 / Rohini Technology Payload,1979-08-10,Not specified,Rohini Technology Payload (RTP),Mission Unsuccessful,1979,Unsuccessful
